Wall time,Step,Value
1661458021.9248965,299,0.1532191038131714
1661458043.8788953,599,0.10076582431793213
1661458054.759396,749,0.12054920196533203
1661458058.6083956,799,0.10856711864471436
1661458069.5538955,949,0.09963929653167725
1661458091.2123957,1249,0.07009029388427734
1661458135.5453951,1849,0.06589674949645996
1661458150.4838965,2049,0.06124669313430786
1661458157.9008982,2149,0.0611194372177124
1661458165.411396,2249,0.0840522050857544
1661458169.1098957,2299,0.07528126239776611
1661458176.4943957,2399,0.0602264404296875
1661458198.9128954,2699,0.06246328353881836
1661458202.646897,2749,0.06064629554748535
1661458206.3568957,2799,0.06507915258407593
1661458210.0973952,2849,0.06855028867721558
1661458244.3218968,3299,0.07907682657241821
1661458255.2738957,3449,0.06763362884521484
1661458266.3943968,3599,0.05830812454223633
1661458270.1993957,3649,0.07416766881942749
1661458273.9948957,3699,0.06655192375183105
1661458277.8178964,3749,0.055335402488708496
1661458296.6943953,3999,0.09240078926086426
1661458326.4853976,4399,0.05772024393081665
1661458352.252897,4749,0.059420228004455566
1661458381.0753956,5149,0.0621371865272522
1661458392.1878955,5299,0.056710779666900635
1661458395.9768963,5349,0.05048483610153198
1661458421.9703958,5699,0.0598565936088562
1661458441.490896,5949,0.05868494510650635
1661458473.6033967,6349,0.05567508935928345
1661458484.8968954,6499,0.06487208604812622
1661458488.743395,6549,0.07188951969146729
1661458526.6548274,6999,0.04703569412231445
1661458533.8203254,7099,0.04573100805282593
1661458537.538827,7149,0.059514254331588745
1661458541.3493257,7199,0.057614922523498535
1661458567.409826,7549,0.06628286838531494
1661458585.9793243,7799,0.06609994173049927
1661458593.4258244,7899,0.05112719535827637
1661458597.172826,7949,0.04880326986312866
1661458612.1948256,8149,0.047888755798339844
1661458630.6968255,8399,0.06070739030838013
1661458634.3963253,8449,0.052121877670288086
1661458645.7168245,8599,0.06144419312477112
1661458668.1988273,8899,0.0574345588684082
1661458671.9768257,8949,0.04928410053253174
1661458679.5623267,9049,0.054138779640197754
1661458690.7783263,9199,0.047689855098724365
1661458698.2508264,9299,0.04697328805923462
1661458701.9568262,9349,0.043471693992614746
1661458709.3873272,9449,0.048377037048339844
1661458716.747326,9549,0.05863279104232788
1661458720.4408262,9599,0.058115601539611816
1661458745.9718263,9949,0.04755687713623047
1661458774.6458254,10349,0.04314953088760376
1661458778.1173258,10399,0.063967764377594
1661458781.6308272,10449,0.05241858959197998
1661458795.7333262,10649,0.042539000511169434
1661458831.4908257,11149,0.047178030014038086
1661458835.0733263,11199,0.0501369833946228
1661458842.4218256,11299,0.060957878828048706
1661458856.8758247,11499,0.04174697399139404
1661458867.567326,11649,0.048849403858184814
1661458871.1298244,11699,0.041590988636016846
1661458874.7083254,11749,0.05901724100112915
1661458885.4213276,11899,0.057495057582855225
1661458930.0787785,12499,0.04937279224395752
1661458951.569279,12799,0.04707300662994385
1661458962.2812803,12949,0.04638189077377319
1661458969.4147787,13049,0.041886985301971436
1661458972.9942794,13099,0.04139584302902222
1661458980.11178,13199,0.040081799030303955
1661458994.423279,13399,0.04685938358306885
1661459008.5592778,13599,0.04424041509628296
1661459015.6377783,13699,0.04332995414733887
1661459033.5257783,13949,0.04655325412750244
1661459083.5917802,14649,0.03698122501373291
1661459101.4092784,14899,0.03802257776260376
1661459104.9782796,14949,0.04064679145812988
1661459119.2052817,15149,0.047753334045410156
1661459122.7392788,15199,0.036508142948150635
1661459136.9717777,15399,0.04495048522949219
1661459140.5367792,15449,0.05200153589248657
1661459147.6997788,15549,0.04325944185256958
1661459158.3002784,15699,0.0519292950630188
1661459176.1067784,15949,0.04846084117889404
1661459179.6597776,15999,0.03780478239059448
1661459183.2357786,16049,0.04862260818481445
1661459201.41478,16299,0.04246234893798828
1661459205.164278,16349,0.04590487480163574
1661459208.97578,16399,0.0371890664100647
1661459220.2107794,16549,0.05280870199203491
1661459253.7852788,16999,0.03875380754470825
1661459261.2412786,17099,0.05596816539764404
1661459283.8607786,17399,0.041164278984069824
1661459330.8732796,18049,0.03728461265563965
1661459342.0717785,18199,0.03707379102706909
1661459358.9843118,18399,0.036917030811309814
1661459373.7843137,18599,0.0435938835144043
1661459381.3438127,18699,0.039726197719573975
1661459396.3233137,18899,0.051610082387924194
1661459400.0278132,18949,0.042435526847839355
1661459403.8703127,18999,0.041659653186798096
1661459411.346814,19099,0.03448253870010376
1661459430.2723122,19349,0.041775286197662354
1661459448.8748121,19599,0.03587073087692261
1661459452.582313,19649,0.03882753849029541
1661459512.2868123,20449,0.03726851940155029
1661459538.402313,20799,0.0378342866897583
1661459560.7808125,21099,0.039056360721588135
1661459564.469813,21149,0.03531956672668457
1661459571.943815,21249,0.0398406982421875
1661459594.4393125,21549,0.04536855220794678
1661459627.970812,21999,0.037775635719299316
1661459635.439313,22099,0.03952932357788086
1661459639.189312,22149,0.034126102924346924
1661459650.3383114,22299,0.03810042142868042
1661459672.6888132,22599,0.042143940925598145
1661459701.7698145,22999,0.03316330909729004
1661459705.3443117,23049,0.03301346302032471
1661459716.142812,23199,0.037592947483062744
1661459719.7588124,23249,0.040811896324157715
1661459751.8803117,23699,0.032671570777893066
1661459755.494812,23749,0.03926420211791992
1661459795.2913125,24299,0.03948616981506348
1661459808.3036413,24449,0.03374290466308594
1661459811.854639,24499,0.04155588150024414
1661459819.0261388,24599,0.03871273994445801
1661459826.2006392,24699,0.03990277647972107
1661459876.480639,25399,0.03649425506591797
1661459894.3301394,25649,0.033797502517700195
1661459901.5526395,25749,0.03569149971008301
1661459912.1696415,25899,0.03864818811416626
1661459919.3016393,25999,0.038867175579071045
1661459937.4936402,26249,0.0364459753036499
1661459941.1706405,26299,0.03986692428588867
1661459962.760639,26599,0.03684401512145996
1661459969.9311385,26699,0.032439470291137695
1661459973.4766402,26749,0.03282821178436279
1661459980.9361427,26849,0.03474879264831543
1661459984.5496397,26899,0.033605337142944336
1661459995.2671406,27049,0.030996263027191162
1661460002.5836408,27149,0.03314167261123657
1661460020.970139,27399,0.03662842512130737
1661460024.46964,27449,0.030817270278930664
1661460056.8196392,27899,0.04286879301071167
1661460063.9161394,27999,0.03851747512817383
1661460078.328141,28199,0.042413949966430664
1661460081.97464,28249,0.0329737663269043
1661460085.5441403,28299,0.03668320178985596
1661460099.8211405,28499,0.039060235023498535
1661460114.109139,28699,0.0348241925239563
1661460117.6671395,28749,0.03405594825744629
1661460128.316143,28899,0.038805246353149414
1661460135.4856396,28999,0.03492051362991333
1661460142.6926417,29099,0.03450101613998413
1661460146.5331464,29149,0.03367346525192261
1661460150.334639,29199,0.03293311595916748
1661460154.0856404,29249,0.0362553596496582
1661460161.4246411,29349,0.033602237701416016
1661460165.00564,29399,0.04675847291946411
1661460182.722639,29649,0.036935508251190186
1661460186.2466397,29699,0.0413740873336792
1661460211.59164,30049,0.03434622287750244
1661460218.65614,30149,0.044483304023742676
1661460240.611141,30449,0.03650277853012085
1661460250.2332928,30549,0.03630560636520386
1661460268.635291,30799,0.03526514768600464
1661460286.84829,31049,0.03513425588607788
1661460294.251791,31149,0.037766218185424805
1661460337.3652928,31749,0.04470580816268921
1661460362.3777912,32099,0.037815630435943604
1661460366.002292,32149,0.040314316749572754
1661460373.201292,32249,0.034851133823394775
1661460376.8427918,32299,0.03714609146118164
1661460380.3822968,32349,0.040176331996917725
1661460384.0402935,32399,0.037071943283081055
1661460391.6657908,32499,0.032941997051239014
1661460403.929792,32649,0.03442251682281494
1661460418.9112914,32849,0.033336341381073
1661460422.528792,32899,0.03905141353607178
1661460437.1912916,33099,0.03321957588195801
1661460448.202292,33249,0.03793895244598389
1661460462.5052903,33449,0.03822684288024902
1661460473.2042897,33599,0.02991539239883423
1661460476.752792,33649,0.03936988115310669
1661460483.8912919,33749,0.03540831804275513
1661460487.437794,33799,0.03534519672393799
1661460494.601291,33899,0.035772085189819336
1661460498.1637912,33949,0.048953503370285034
1661460501.6607916,33999,0.03282606601715088
1661460512.515291,34149,0.033749401569366455
1661460516.1642911,34199,0.03693634271621704
1661460519.9182925,34249,0.03445857763290405
1661460527.1892905,34349,0.0339432954788208
1661460534.3327904,34449,0.04155611991882324
1661460538.0312905,34499,0.046204328536987305
1661460563.9142916,34849,0.034919023513793945
1661460575.2097907,34999,0.0335162878036499
1661460589.4902902,35199,0.03542685508728027
1661460600.173291,35349,0.03130948543548584
1661460607.497291,35449,0.06418287754058838
1661460614.695791,35549,0.036574602127075195
1661460628.9637911,35749,0.031906843185424805
1661460643.332791,35949,0.03701448440551758
1661460654.3057911,36099,0.03805887699127197
1661460657.912291,36149,0.033916175365448
1661460661.9265444,36199,0.037779152393341064
1661460665.5555437,36249,0.036479830741882324
1661460687.3200455,36549,0.030353188514709473
1661460711.3010437,36849,0.03476405143737793
1661460718.6345472,36949,0.028861701488494873
1661460722.2885442,36999,0.0325627326965332
1661460736.9495435,37199,0.03299194574356079
1661460747.6280475,37349,0.03497743606567383
1661460751.2415473,37399,0.03394198417663574
1661460762.3660479,37549,0.033777475357055664
1661460766.0320482,37599,0.036721110343933105
1661460769.6660438,37649,0.03386127948760986
1661460776.9965446,37749,0.03260284662246704
1661460784.268544,37849,0.03123939037322998
1661460805.886544,38149,0.036419570446014404
1661460816.7960439,38299,0.035561203956604004
1661460820.5940456,38349,0.037526726722717285
1661460831.559543,38499,0.032474398612976074
1661460835.2625453,38549,0.031366586685180664
1661460838.9965456,38599,0.03377246856689453
1661460846.2960458,38699,0.031044960021972656
1661460849.9350443,38749,0.033441245555877686
1661460872.6180444,39049,0.03214287757873535
1661460887.102043,39249,0.04033541679382324
1661460890.647544,39299,0.030231893062591553
1661460897.8620439,39399,0.028949618339538574
1661460904.9985435,39499,0.035973966121673584
1661460912.0950434,39599,0.0359196662902832
1661460915.653045,39649,0.03051149845123291
1661460919.2875433,39699,0.0345611572265625
1661460922.9290435,39749,0.03202986717224121
1661460926.5910475,39799,0.034766554832458496
1661460937.446044,39949,0.033286094665527344
1661460944.5200455,40049,0.03276324272155762
1661460951.968044,40149,0.036601483821868896
1661460962.867043,40299,0.030032038688659668
1661460970.0170448,40399,0.03174543380737305
1661460973.8285441,40449,0.03423261642456055
1661460977.529544,40499,0.03312385082244873
1661460999.4265454,40799,0.03650486469268799
1661461003.008044,40849,0.030901849269866943
1661461010.5990481,40949,0.032681941986083984
1661461022.030543,41099,0.030611395835876465
1661461037.2280438,41299,0.0320013165473938
1661461048.7630436,41449,0.029535233974456787
1661461059.8590446,41599,0.029664278030395508
1661461063.6365442,41649,0.03380918502807617
1661461071.2295434,41749,0.03455328941345215
1661461078.7960436,41849,0.036200881004333496
1661461086.4175446,41949,0.033673107624053955
1661461105.328543,42199,0.03055328130722046
1661461116.6765435,42349,0.04005599021911621
1661461124.2240436,42449,0.033476054668426514
1661461183.4453058,43199,0.03753829002380371
1661461198.7323067,43399,0.03254711627960205
1661461206.3038087,43499,0.03538680076599121
1661461210.092307,43549,0.03525310754776001
1661461225.205806,43749,0.03236478567123413
1661461232.7853074,43849,0.03385728597640991
1661461247.9463062,44049,0.033877789974212646
1661461255.4908059,44149,0.03277355432510376
1661461263.022806,44249,0.039344966411590576
1661461274.4443061,44399,0.03754204511642456
1661461282.0228066,44499,0.033738672733306885
1661461285.845806,44549,0.03789472579956055
1661461293.6088057,44649,0.03434556722640991
1661461308.7988055,44849,0.03347182273864746
1661461323.9908059,45049,0.036189377307891846
1661461350.515807,45399,0.03476834297180176
1661461354.2923067,45449,0.03144711256027222
1661461358.037306,45499,0.03729820251464844
1661461361.8038077,45549,0.02989727258682251
1661461369.3373075,45649,0.03587043285369873
1661461380.701809,45799,0.03338325023651123
1661461384.5198092,45849,0.039373546838760376
1661461388.381307,45899,0.03176850080490112
1661461399.759306,46049,0.03427952527999878
1661461403.5483057,46099,0.03674119710922241
1661461407.3503077,46149,0.031287968158721924
1661461411.1968067,46199,0.034026384353637695
1661461441.3273056,46599,0.03095841407775879
1661461445.1118062,46649,0.03878819942474365
1661461456.3473065,46799,0.03296762704849243
1661461482.3913078,47149,0.033637046813964844
1661461493.5328069,47299,0.03363865613937378
1661461523.2368088,47699,0.03394448757171631
1661461527.1478078,47749,0.03407925367355347
1661461534.7883065,47849,0.031252264976501465
1661461538.563306,47899,0.030198514461517334
1661461542.3383071,47949,0.034659743309020996
1661461553.5683062,48099,0.0339927077293396
1661461557.382306,48149,0.031392455101013184
1661461564.8448064,48249,0.03411698341369629
1661461572.2153056,48349,0.031193554401397705
1661461590.991306,48599,0.033107101917266846
1661461594.547306,48649,0.03481656312942505
1661461611.1289887,48849,0.03455173969268799
1661461614.7834883,48899,0.03621333837509155
1661461618.483989,48949,0.03143465518951416
1661461622.2994912,48999,0.035482168197631836
1661461633.4064884,49149,0.028277873992919922
1661461637.1424901,49199,0.032020509243011475
1661461640.8119895,49249,0.034766435623168945
1661461652.3089898,49399,0.03361111879348755
1661461656.1459897,49449,0.0331190824508667
1661461686.7399879,49849,0.03657764196395874
1661461702.1004872,50049,0.029765546321868896
1661461709.748987,50149,0.03758913278579712
1661461717.415989,50249,0.032215416431427
1661461721.8404884,50299,0.032787442207336426
1661461733.6354873,50449,0.030224084854125977
1661461749.4514883,50649,0.03785902261734009
1661461753.5269892,50699,0.029451370239257812
1661461757.403989,50749,0.03273290395736694
1661461769.1964889,50899,0.030324816703796387
1661461800.839492,51299,0.03151094913482666
1661461808.7549882,51399,0.031156957149505615
1661461824.082489,51599,0.035795122385025024
1661461827.880489,51649,0.03155994415283203
1661461839.7649884,51799,0.030279994010925293
1661461847.742489,51899,0.03410351276397705
1661461855.4584882,51999,0.030332863330841064
1661461875.0594885,52249,0.03270441293716431
1661461902.647989,52599,0.03078925609588623
1661461906.595988,52649,0.03221172094345093
1661461918.433489,52799,0.03665977716445923
1661461926.3394885,52899,0.03975319862365723
1661461949.88399,53199,0.03174787759780884
1661461953.9874895,53249,0.03551030158996582
1661461961.8664887,53349,0.03237771987915039
1661461969.8234885,53449,0.031304240226745605
1661461985.5859878,53649,0.035807669162750244
1661462000.8854876,53849,0.026600003242492676
1661462008.447489,53949,0.029859185218811035
1661462027.5374885,54199,0.030364811420440674
1661462031.2984881,54249,0.03673410415649414
1661462035.0484886,54299,0.0305861234664917
1661462061.5474887,54649,0.041680216789245605
1661462065.32349,54699,0.03978770971298218
1661462090.524378,54999,0.03239130973815918
1661462105.7498796,55199,0.03074246644973755
1661462109.522881,55249,0.03053581714630127
1661462113.3653781,55299,0.028087854385375977
1661462147.269377,55749,0.028492271900177002
1661462154.8558779,55849,0.03363901376724243
1661462166.266879,55999,0.028604507446289062
1661462189.1303782,56299,0.02769017219543457
1661462192.9133794,56349,0.03144258260726929
1661462208.1683784,56549,0.03152966499328613
1661462219.596878,56699,0.036765992641448975
1661462223.404378,56749,0.031416118144989014
1661462227.1083794,56799,0.030345439910888672
1661462279.6888776,57499,0.041449666023254395
1661462290.9223793,57649,0.030800580978393555
1661462302.2473795,57799,0.03256601095199585
1661462306.0823798,57849,0.02747124433517456
1661462309.892379,57899,0.03108799457550049
1661462321.2198787,58049,0.028011083602905273
1661462325.0423799,58099,0.0372050404548645
1661462328.8053768,58149,0.030602574348449707
1661462397.6018806,59049,0.028617382049560547
1661462405.1318803,59149,0.030407309532165527
1661462408.8998795,59199,0.031227707862854004
1661462416.4708786,59299,0.028987646102905273
1661462420.1888793,59349,0.028514564037322998
1661462443.7013786,59649,0.036490678787231445
1661462447.7148795,59699,0.027333319187164307
1661462455.2723775,59799,0.03386270999908447
1661462462.81788,59899,0.0333709716796875
1661462470.3793774,59999,0.02712780237197876
1661462477.9328785,60099,0.028632402420043945
1661462489.1108797,60249,0.03098207712173462
1661462496.595379,60349,0.028247535228729248
1661462504.174878,60449,0.02564084529876709
1661462511.8063788,60549,0.027214407920837402
1661462519.4248776,60649,0.03299349546432495
1661462526.939879,60749,0.034989893436431885
1661462567.0526817,61249,0.032687246799468994
1661462582.2846825,61449,0.03493386507034302
1661462597.4581807,61649,0.028316855430603027
1661462601.267681,61699,0.0299111008644104
1661462605.0516818,61749,0.0362204909324646
1661462613.010181,61849,0.027724742889404297
1661462625.0686824,61999,0.03159034252166748
1661462636.9401822,62149,0.028263509273529053
1661462644.5731814,62249,0.03482168912887573
1661462656.0456817,62399,0.03295212984085083
1661462678.802681,62699,0.03197932243347168
1661462686.39568,62799,0.035908639430999756
1661462693.879182,62899,0.026531696319580078
1661462697.6631808,62949,0.030501365661621094
1661462708.9656806,63099,0.03131502866744995
1661462712.7171836,63149,0.02721583843231201
1661462716.4461808,63199,0.033840298652648926
1661462727.7966814,63349,0.03264647722244263
1661462757.8961804,63749,0.03076171875
1661462776.8311818,63999,0.035212039947509766
1661462784.3056827,64099,0.028414785861968994
1661462806.7961807,64399,0.030262231826782227
1661462821.7446818,64599,0.029709339141845703
1661462825.5396812,64649,0.03111940622329712
1661462829.321682,64699,0.03273212909698486
1661462833.0486805,64749,0.03633081912994385
1661462855.721683,65049,0.029190659523010254
1661462866.979681,65199,0.02793276309967041
1661462893.26618,65549,0.02848339080810547
1661462900.7471826,65649,0.029829442501068115
1661462912.0461812,65799,0.03076624870300293
1661462915.8516805,65849,0.02557849884033203
1661462926.9986804,65999,0.02568882703781128
1661462949.4286823,66299,0.030661702156066895
1661462956.9221833,66399,0.030040979385375977
1661462968.061181,66549,0.03631281852722168
1661462979.3516803,66699,0.030941426753997803
1661462983.1361828,66749,0.04044902324676514
1661462986.920684,66799,0.027995407581329346
1661462990.6441808,66849,0.03165936470031738
1661462994.3731809,66899,0.02627873420715332
1661463019.5468795,67199,0.030800163745880127
1661463042.3543818,67499,0.02953195571899414
1661463065.1813812,67799,0.028237998485565186
1661463088.8368826,68099,0.028534531593322754
1661463107.8028805,68349,0.03239750862121582
1661463122.75288,68549,0.03135669231414795
1661463149.1103811,68899,0.029729366302490234
1661463156.7063808,68999,0.03252941370010376
1661463168.0518801,69149,0.033019185066223145
1661463175.5373843,69249,0.03199028968811035
1661463179.1618817,69299,0.029179811477661133
1661463190.119382,69449,0.02970951795578003
1661463193.8023803,69499,0.031557679176330566
1661463201.1663797,69599,0.032412588596343994
1661463204.8338795,69649,0.026910245418548584
1661463215.8948812,69799,0.026739776134490967
1661463280.5878828,70649,0.02822244167327881
1661463284.368381,70699,0.02863454818725586
1661463288.1453824,70749,0.028910696506500244
1661463307.4658806,70999,0.027761220932006836
1661463319.001883,71149,0.027326345443725586
1661463334.5383804,71349,0.03638660907745361
1661463338.40288,71399,0.03023010492324829
1661463342.2143824,71449,0.02669680118560791
1661463357.511382,71649,0.024920105934143066
1661463361.3423815,71699,0.03420984745025635
1661463365.15388,71749,0.02745741605758667
1661463372.6978803,71849,0.0312807559967041
1661463380.1798797,71949,0.026212692260742188
1661463387.7598808,72049,0.029667437076568604
1661463395.4818811,72149,0.03207433223724365
1661463426.6378808,72549,0.027720510959625244
1661463446.0803804,72799,0.0286942720413208
1661463449.941381,72849,0.033535897731781006
1661463486.568663,73299,0.03333461284637451
1661463490.349163,73349,0.03405278921127319
1661463532.6441648,73899,0.030190110206604004
1661463563.390164,74299,0.03237259387969971
1661463567.2126627,74349,0.027019083499908447
1661463578.696662,74499,0.025151968002319336
1661463586.2641616,74599,0.027374684810638428
1661463590.0121639,74649,0.034641385078430176
1661463620.3351622,75049,0.02843642234802246
1661463624.2251623,75099,0.03204214572906494
1661463628.102662,75149,0.033016860485076904
1661463631.887665,75199,0.027367234230041504
1661463643.1961627,75349,0.03285706043243408
1661463650.7361617,75449,0.02862447500228882
1661463654.5211623,75499,0.03344082832336426
1661463658.308662,75549,0.029715418815612793
1661463689.1581635,75949,0.024430811405181885
1661463708.4266615,76199,0.03350365161895752
1661463712.2431626,76249,0.037415266036987305
1661463723.541662,76399,0.025646090507507324
1661463749.8221629,76749,0.029097318649291992
1661463757.3426642,76849,0.02744460105895996
1661463795.6821644,77349,0.030317068099975586
1661463815.044162,77599,0.03520721197128296
1661463818.851663,77649,0.032240867614746094
1661463826.375662,77749,0.030180692672729492
1661463830.227662,77799,0.032458722591400146
1661463853.0281634,78099,0.0321841835975647
1661463879.5751622,78449,0.028682708740234375
1661463883.3316658,78499,0.03166168928146362
1661463917.493163,78949,0.03010159730911255
1661463932.548664,79149,0.030549287796020508
1661463940.2491648,79249,0.0274655818939209
1661463957.6591632,79449,0.026395201683044434
1661463991.5041637,79899,0.03794151544570923
1661463999.216665,79999,0.02881443500518799
1661464010.645662,80149,0.02679753303527832
1661464018.0421638,80249,0.029327571392059326
1661464021.912662,80299,0.02633768320083618
1661464040.7756631,80549,0.03179687261581421
1661464051.984663,80699,0.029790937900543213
1661464070.9741616,80949,0.03212273120880127
1661464078.5511615,81049,0.033793509006500244
1661464093.7286632,81249,0.031029105186462402
1661464101.2046626,81349,0.031063318252563477
1661464104.9346623,81399,0.024967849254608154
1661464108.7016633,81449,0.02984452247619629
1661464123.9281623,81649,0.028679251670837402
1661464142.9481628,81899,0.025702714920043945
1661464154.347163,82049,0.029563963413238525
1661464161.8741615,82149,0.029698729515075684
1661464173.3711636,82299,0.030196845531463623
1661464184.7926629,82449,0.0327836275100708
1661464199.931663,82649,0.028937876224517822
1661464226.133162,82999,0.027613520622253418
1661464229.929662,83049,0.025720715522766113
1661464233.7756627,83099,0.035864293575286865
1661464260.109162,83449,0.0259859561920166
1661464267.619164,83549,0.02811455726623535
1661464275.141662,83649,0.02578437328338623
1661464286.653165,83799,0.028954625129699707
1661464290.5136619,83849,0.027882158756256104
1661464313.403166,84149,0.031934499740600586
1661464317.1346664,84199,0.02884089946746826
1661464347.0321617,84599,0.028660595417022705
1661464358.303663,84749,0.026186883449554443
1661464361.9836638,84799,0.03283274173736572
1661464365.7971635,84849,0.029127120971679688
1661464369.5946627,84899,0.02774137258529663
1661464377.0956619,84999,0.024407923221588135
1661464388.3126616,85149,0.032041192054748535
1661464417.246398,85499,0.026750922203063965
1661464421.045898,85549,0.028851032257080078
1661464438.8838975,85799,0.02898949384689331
1661464445.9858978,85899,0.0257720947265625
1661464449.6053975,85949,0.03535956144332886
1661464453.2374,85999,0.03135567903518677
1661464485.6523995,86449,0.03239476680755615
1661464499.8113992,86649,0.02923959493637085
1661464507.1173997,86749,0.025338292121887207
1661464510.9188995,86799,0.030051350593566895
1661464518.3793983,86899,0.029299557209014893
1661464537.2354,87149,0.04811638593673706
1661464540.9793983,87199,0.029935896396636963
1661464548.3993976,87299,0.03847169876098633
1661464552.1688993,87349,0.03086113929748535
1661464555.9838986,87399,0.024789631366729736
1661464567.2313995,87549,0.028118491172790527
1661464574.6983976,87649,0.028130173683166504
1661464582.1409009,87749,0.02758866548538208
1661464616.315402,88199,0.03196293115615845
1661464627.7493985,88349,0.030404329299926758
1661464661.6838975,88799,0.02848726511001587
1661464684.5708969,89099,0.03220003843307495
1661464688.2873983,89149,0.025789380073547363
1661464710.9403992,89449,0.029229462146759033
1661464714.7779,89499,0.026974916458129883
1661464718.6358974,89549,0.030956685543060303
1661464726.1033974,89649,0.029111266136169434
1661464748.8083992,89949,0.024325191974639893
1661464771.7294,90249,0.033359646797180176
1661464775.5988982,90299,0.029869019985198975
1661464805.7003984,90699,0.033737003803253174
1661464809.561399,90749,0.03432825207710266
1661464820.9263983,90899,0.027661263942718506
1661464832.346899,91049,0.03140377998352051
1661464847.3873994,91249,0.025269150733947754
1661464854.8774,91349,0.025462865829467773
1661464870.2269013,91549,0.026195406913757324
1661464895.4053977,91849,0.031638503074645996
1661464910.505897,92049,0.03072810173034668
1661464914.3113995,92099,0.028053224086761475
1661464925.7098994,92249,0.029523491859436035
1661464944.6023998,92499,0.02566993236541748
1661464959.4913971,92699,0.026786863803863525
1661464967.3518982,92799,0.026981651782989502
1661464974.9998987,92899,0.031494081020355225
1661464978.7883978,92949,0.03203606605529785
1661464982.4778986,92999,0.02752542495727539
1661465008.3803976,93349,0.031220197677612305
1661465015.6603973,93449,0.02792835235595703
1661465019.2648976,93499,0.025847434997558594
1661465041.4754007,93799,0.024586737155914307
1661465045.0368993,93849,0.027932941913604736
1661465048.6773987,93899,0.037473320960998535
1661465055.876399,93999,0.028092384338378906
1661465063.1003993,94099,0.026663899421691895
1661465105.6008983,94699,0.03075641393661499
1661465138.7648995,95149,0.03155982494354248
1661465153.620898,95349,0.029195427894592285
1661465171.8648975,95599,0.03428378701210022
1661465175.4493985,95649,0.0306851863861084
1661465193.5868967,95899,0.02869933843612671
1661465197.1198978,95949,0.030083835124969482
1661465200.6318986,95999,0.031751155853271484
1661465215.0258977,96199,0.027201056480407715
1661465218.5743978,96249,0.0318293571472168
1661465240.2903996,96549,0.027527213096618652
1661465254.6573982,96749,0.031524837017059326
1661465258.2183988,96799,0.02830672264099121
1661465261.7633986,96849,0.03236961364746094
1661465268.7988987,96949,0.026046037673950195
1661465272.3179235,96999,0.031683385372161865
1661465290.1479082,97249,0.027245640754699707
1661465300.8883967,97399,0.02387988567352295
1661465307.945397,97499,0.02574366331100464
1661465318.6738994,97649,0.029268264770507812
1661465331.4673703,97799,0.029309988021850586
1661465342.0758705,97949,0.02601480484008789
1661465349.1658685,98049,0.033471107482910156
1661465370.2743697,98349,0.0249631404876709
1661465373.7604,98399,0.0287705659866333
1661465380.7913682,98499,0.025179624557495117
1661465387.7988696,98599,0.030824244022369385
1661465419.7133706,99049,0.02976536750793457
1661465423.355871,99099,0.024566173553466797
1661465427.0003684,99149,0.024379372596740723
1661465430.5568678,99199,0.02673780918121338
1661465481.5648682,99899,0.028850793838500977
1661465496.139868,100099,0.030053019523620605
1661465510.6993697,100299,0.02418231964111328
1661465514.47287,100349,0.02963542938232422
1661465525.5028677,100499,0.030454516410827637
1661465529.33587,100549,0.034857988357543945
1661465540.5043695,100699,0.02774876356124878
1661465547.8028703,100799,0.03637099266052246
1661465555.1228688,100899,0.028148889541625977
1661465573.27337,101149,0.025384902954101562
1661465584.1018677,101299,0.024789035320281982
1661465591.4553695,101399,0.03087902069091797
1661465595.0978694,101449,0.024942636489868164
1661465602.40537,101549,0.025018393993377686
1661465613.3808708,101699,0.02853924036026001
1661465624.1953688,101849,0.026445865631103516
1661465631.39987,101949,0.02869439125061035
1661465642.2563682,102099,0.025228500366210938
1661465653.1443698,102249,0.026611685752868652
1661465656.739874,102299,0.027903199195861816
1661465667.7773693,102449,0.025856852531433105
1661465678.6383703,102599,0.02824270725250244
1661465707.8973696,102999,0.026064395904541016
1661465711.5793679,103049,0.025179028511047363
1661465718.85487,103149,0.03126490116119385
1661465737.1588683,103399,0.023858964443206787
1661465755.4828691,103649,0.03128957748413086
1661465759.094368,103699,0.0248146653175354
1661465762.7188697,103749,0.02412247657775879
1661465772.2035148,103849,0.02994561195373535
1661465775.8610165,103899,0.025402843952178955
1661465783.1150167,103999,0.02884596586227417
1661465790.611015,104099,0.029240131378173828
1661465801.7960145,104249,0.028633713722229004
1661465805.4875154,104299,0.03492176532745361
1661465820.157517,104499,0.0275418758392334
1661465838.5615158,104749,0.03190326690673828
1661465845.8575168,104849,0.03260308504104614
1661465867.8300147,105149,0.032070279121398926
1661465871.4720147,105199,0.02964097261428833
1661465875.1455147,105249,0.025121212005615234
1661465878.7695167,105299,0.02793264389038086
1661465882.4535158,105349,0.02446979284286499
1661465893.368015,105499,0.025197386741638184
1661465900.6500144,105599,0.02986299991607666
1661465911.732516,105749,0.029601633548736572
1661465915.2840154,105799,0.02319943904876709
1661465926.233515,105949,0.029751598834991455
1661465933.5305173,106049,0.03161609172821045
1661465940.8220155,106149,0.027401268482208252
1661465944.4175146,106199,0.025566816329956055
1661465947.997517,106249,0.032254159450531006
1661465962.4530163,106449,0.02795696258544922
1661465977.476016,106649,0.02917647361755371
1661465981.1745162,106699,0.03592148423194885
1661465984.9230149,106749,0.02797013521194458
1661465999.812016,106949,0.02960789203643799
1661466003.4425173,106999,0.028503715991973877
1661466010.8960166,107099,0.02813577651977539
1661466014.524516,107149,0.0356898307800293
1661466021.9035172,107249,0.02514493465423584
1661466025.506014,107299,0.025384724140167236
1661466029.1570146,107349,0.028351902961730957
1661466036.3595161,107449,0.03149735927581787
1661466039.9140158,107499,0.028358519077301025
1661466047.1540172,107599,0.028847455978393555
1661466058.0575166,107749,0.02435368299484253
1661466065.350517,107849,0.02713465690612793
1661466068.997017,107899,0.026391267776489258
1661466090.8280153,108199,0.026686131954193115
1661466094.5090165,108249,0.036170899868011475
1661466098.1795156,108299,0.025321125984191895
1661466112.7140458,108499,0.02950960397720337
1661466120.031015,108599,0.03280287981033325
1661466127.2885158,108699,0.03322842717170715
1661466141.8965163,108899,0.02975940704345703
1661466167.376015,109249,0.03320878744125366
1661466178.3200152,109399,0.029537558555603027
1661466185.639018,109499,0.029724955558776855
1661466192.9305162,109599,0.02946019172668457
1661466196.5835154,109649,0.03083944320678711
1661466211.2545161,109849,0.029999852180480957
1661466221.0755148,109949,0.02853482961654663
1661466224.7730162,109999,0.0355229377746582
1661466228.4860165,110049,0.024826467037200928
1661466239.7675161,110199,0.030129551887512207
1661466255.092515,110399,0.026172161102294922
1661466259.6870143,110449,0.03177553415298462
1661466271.0870156,110599,0.029774785041809082
1661466282.453516,110749,0.03082507848739624
1661466320.5735147,111249,0.026692509651184082
1661466324.3770149,111299,0.028263330459594727
1661466335.7990148,111449,0.030494391918182373
1661466339.5690148,111499,0.023859500885009766
1661466347.0345154,111599,0.024898409843444824
1661466358.341019,111749,0.02805006504058838
1661466365.7315142,111849,0.02473747730255127
1661466369.2510166,111899,0.03110373020172119
1661466376.444017,111999,0.02387714385986328
1661466380.057516,112049,0.02671074867248535
1661466383.718016,112099,0.031785428524017334
1661466387.2940152,112149,0.02586454153060913
1661466394.4425151,112249,0.0276944637298584
1661466401.542016,112349,0.02477806806564331
1661466405.1040146,112399,0.028084993362426758
1661466419.3225152,112599,0.03242522478103638
1661466422.9040143,112649,0.026783108711242676
1661466430.0360148,112749,0.02712780237197876
1661466440.7035172,112899,0.027317047119140625
1661466458.8690166,113149,0.027490198612213135
1661466501.8680205,113749,0.031146585941314697
1661466516.0350144,113949,0.030090391635894775
1661466526.7935152,114099,0.030118823051452637
1661466544.5175145,114349,0.026182174682617188
1661466551.5900187,114449,0.026638031005859375
1661466562.1145167,114599,0.03263401985168457
1661466583.4005146,114899,0.026117920875549316
1661466586.9985154,114949,0.031027674674987793
1661466594.0650148,115049,0.025287926197052002
1661466604.8110154,115199,0.02334415912628174
1661466615.4295142,115349,0.02594447135925293
1661466618.9545162,115399,0.029776692390441895
1661466622.5145152,115449,0.028137505054473877
1661466654.7890146,115899,0.028851747512817383
1661466658.3950143,115949,0.02755790948867798
1661466664.06566,115999,0.026121973991394043
1661466667.7301574,116049,0.026079893112182617
1661466674.8281581,116149,0.025136113166809082
1661466681.848158,116249,0.023768484592437744
1661466692.6721582,116399,0.0288047194480896
1661466710.5031834,116649,0.025503873825073242
1661466717.550158,116749,0.028452157974243164
1661466721.0821586,116799,0.02580392360687256
1661466724.694159,116849,0.026180565357208252
1661466728.3211575,116899,0.03131335973739624
1661466756.7456586,117299,0.024572789669036865
1661466788.8766587,117749,0.02493971586227417
1661466806.5771573,117999,0.025665879249572754
1661466834.921658,118399,0.029451966285705566
1661466838.45266,118449,0.03157246112823486
1661466849.2861583,118599,0.02609074115753174
1661466863.3836584,118799,0.02997487783432007
1661466874.1636584,118949,0.028322935104370117
1661466888.4131598,119149,0.028005599975585938
1661466898.984179,119299,0.025544345378875732
1661466909.5931823,119449,0.026484131813049316
1661466913.1471586,119499,0.026619374752044678
1661466916.7006574,119549,0.026493310928344727
1661466923.7571576,119649,0.02807176113128662
1661466952.1991587,120049,0.02982693910598755
1661466960.053657,120149,0.025596976280212402
1661466967.8971593,120249,0.032959699630737305
1661466975.3451579,120349,0.029859960079193115
1661466994.4896586,120599,0.026397883892059326
1661467013.5901592,120849,0.024522721767425537
1661467044.029658,121249,0.029046714305877686
1661467047.822658,121299,0.030246198177337646
1661467051.7991586,121349,0.024808645248413086
1661467067.0566585,121549,0.026320040225982666
1661467078.3406584,121699,0.027440667152404785
1661467089.619659,121849,0.025226235389709473
1661467121.70816,122249,0.02642613649368286
1661467129.245159,122349,0.034043967723846436
1661467144.56866,122549,0.0271608829498291
1661467148.476158,122599,0.028796613216400146
1661467152.2401574,122649,0.02713221311569214
1661467155.9846592,122699,0.03399914503097534
1661467163.470658,122799,0.028708696365356445
1661467171.0136576,122899,0.029765427112579346
1661467182.3381596,123049,0.02466815710067749
1661467205.3276598,123349,0.02805960178375244
1661467212.9676595,123449,0.02616959810256958
1661467239.5261583,123799,0.03181886672973633
1661467254.6211584,123999,0.031110107898712158
1661467262.1516593,124099,0.02644824981689453
1661467277.6881578,124299,0.027646183967590332
1661467281.5071592,124349,0.030598759651184082
1661467288.9751582,124449,0.02395862340927124
1661467300.2656612,124599,0.02922147512435913
1661467307.935159,124699,0.03164708614349365
1661467319.1406581,124849,0.024182558059692383
1661467326.8856597,124949,0.029679298400878906
1661467338.3306582,125099,0.03107583522796631
1661467342.104158,125149,0.02939426898956299
1661467345.8806593,125199,0.029851555824279785
1661467383.5821602,125699,0.027712523937225342
1661467387.373158,125749,0.03312283754348755
1661467395.0781584,125849,0.030585885047912598
1661467398.9071593,125899,0.028050124645233154
1661467402.6636577,125949,0.029062926769256592
1661467406.3951585,125999,0.027003049850463867
1661467417.9886575,126149,0.029703259468078613
1661467421.8096595,126199,0.02842855453491211
1661467429.4121585,126299,0.0298423171043396
1661467440.8256598,126449,0.03140425682067871
1661467448.3881605,126549,0.025323331356048584
1661467455.8831604,126649,0.028144359588623047
1661467463.4786577,126749,0.027421116828918457
1661467498.0486588,127199,0.024921894073486328
1661467512.685657,127399,0.027874648571014404
1661467519.7836614,127499,0.026671230792999268
1661467527.0346596,127599,0.028554439544677734
1661467534.1826582,127699,0.023476719856262207
1661467541.5081584,127799,0.0320892333984375
1661467545.076657,127849,0.028054893016815186
1661467556.047659,127999,0.027299344539642334
1661467579.7766595,128299,0.02875971794128418
1661467583.5136588,128349,0.028773963451385498
1661467597.8186588,128549,0.02330946922302246
1661467609.37266,128699,0.02805507183074951
1661467620.7226596,128849,0.027080059051513672
1661467628.2231598,128949,0.033339083194732666
1661467632.1091607,128999,0.03149533271789551
1661467647.4856594,129199,0.025799870491027832
1661467665.7616608,129399,0.02815300226211548
1661467678.3681579,129549,0.03160834312438965
1661467682.1421595,129599,0.026252686977386475
1661467685.8741584,129649,0.026293814182281494
1661467689.6371603,129699,0.028773903846740723
1661467700.915158,129849,0.02651357650756836
1661467715.98566,130049,0.02469557523727417
1661467738.7236624,130349,0.03507986664772034
1661467742.5251596,130399,0.028463363647460938
1661467754.0796597,130549,0.025641679763793945
1661467772.90916,130799,0.032144784927368164
1661467784.1856587,130949,0.030815422534942627
1661467788.044159,130999,0.028358817100524902
1661467795.6461608,131099,0.025992870330810547
1661467803.2541587,131199,0.032253801822662354
1661467810.8121598,131299,0.024591684341430664
1661467814.60016,131349,0.025661945343017578
1661467825.9486601,131499,0.0269966721534729
1661467829.8596594,131549,0.03415203094482422
1661467837.5356593,131649,0.026163041591644287
1661467848.798659,131799,0.028951823711395264
1661467852.5431592,131849,0.02694648504257202
1661467860.1496584,131949,0.03158855438232422
1661467882.8116608,132249,0.029821932315826416
1661467893.7691689,132399,0.029214799404144287
1661467904.3606615,132549,0.02917855978012085
1661467907.8966591,132599,0.02862071990966797
1661467922.0331593,132799,0.030017614364624023
1661467943.1981595,133099,0.02998185157775879
1661467989.0286603,133749,0.03469151258468628
1661468003.09416,133949,0.02925926446914673
1661468010.1711578,134049,0.029971182346343994
1661468029.9685898,134299,0.026987195014953613
1661468040.5350914,134449,0.02911001443862915
1661468047.6050923,134549,0.028592407703399658
1661468061.6190915,134749,0.02770817279815674
1661468079.3490934,134999,0.0264284610748291
1661468093.43959,135199,0.025517523288726807
1661468107.6440904,135399,0.0312880277633667
1661468118.2555902,135549,0.02443695068359375
1661468150.1110902,135999,0.030238628387451172
1661468171.2590897,136299,0.030744552612304688
1661468206.6365905,136799,0.026267170906066895
1661468210.18459,136849,0.023566246032714844
1661468213.74859,136899,0.02682286500930786
1661468224.3885899,137049,0.029305219650268555
1661468227.9450903,137099,0.031237661838531494
1661468245.5155904,137349,0.02520763874053955
1661468252.6105943,137449,0.024264216423034668
1661468266.8470907,137649,0.03085225820541382
1661468270.342116,137699,0.028164029121398926
1661468273.920594,137749,0.02515268325805664
1661468277.443591,137799,0.023379743099212646
1661468280.9755895,137849,0.02494579553604126
1661468284.4585912,137899,0.02369081974029541
1661468287.9755912,137949,0.025364398956298828
1661468316.2526224,138349,0.03401225805282593
1661468326.840592,138499,0.02889472246170044
1661468347.9375901,138799,0.02407979965209961
1661468397.4570904,139499,0.02710169553756714
1661468400.940091,139549,0.028956592082977295
1661468404.4415898,139599,0.0267525315284729
1661468429.2965906,139949,0.02838766574859619
1661468447.0210905,140199,0.030974745750427246
1661468457.7815917,140349,0.030206024646759033
1661468467.081605,140449,0.02357882261276245
1661468470.6356046,140499,0.026987314224243164
1661468474.195103,140549,0.031224370002746582
1661468477.707104,140599,0.028602898120880127
1661468491.9631062,140799,0.03352862596511841
1661468520.471104,141199,0.024778127670288086
1661468524.4116037,141249,0.028440237045288086
1661468535.4036038,141399,0.025082111358642578
1661468542.5546057,141499,0.026248276233673096
1661468546.1326048,141549,0.026962757110595703
1661468553.4171038,141649,0.026942014694213867
1661468596.7366035,142249,0.024962425231933594
1661468603.9051034,142349,0.02720177173614502
1661468614.7466042,142499,0.025309205055236816
1661468621.8626034,142599,0.026714086532592773
1661468639.6411042,142849,0.02405160665512085
1661468650.241603,142999,0.02314382791519165
1661468661.0281036,143149,0.031248748302459717
1661468693.3916042,143599,0.02517223358154297
1661468696.9701037,143649,0.024146318435668945
1661468718.2851033,143949,0.02794593572616577
1661468725.397604,144049,0.02741825580596924
1661468728.9466033,144099,0.027587831020355225
1661468750.3271034,144399,0.027501285076141357
1661468761.0026038,144549,0.031067609786987305
1661468764.523105,144599,0.027103900909423828
1661468782.228606,144849,0.030275344848632812
1661468789.3161042,144949,0.02722489833831787
1661468796.4351027,145049,0.02469027042388916
1661468807.1311038,145199,0.02990800142288208
1661468810.6691043,145249,0.027921199798583984
1661468814.1906054,145299,0.024962663650512695
1661468839.2436037,145649,0.028712451457977295
1661468857.1011038,145899,0.024736106395721436
1661468864.288103,145999,0.025600314140319824
1661468867.8246038,146049,0.02509385347366333
1661468871.3846045,146099,0.025387048721313477
1661468885.8966038,146299,0.025883138179779053
1661468889.526604,146349,0.03177756071090698
1661468913.7056239,146649,0.029316723346710205
1661468928.222123,146849,0.03146892786026001
1661468938.885621,146999,0.027337074279785156
1661468942.5596237,147049,0.02781689167022705
1661468949.786622,147149,0.02931678295135498
1661468974.9161232,147499,0.033048540353775024
1661468978.504124,147549,0.032809674739837646
1661468996.5876215,147799,0.027099967002868652
1661469040.566121,148399,0.02636188268661499
1661469058.5581217,148649,0.027355194091796875
1661469065.7621229,148749,0.02483731508255005
1661469069.3271239,148799,0.027009546756744385
1661469080.064624,148949,0.02560359239578247
1661469083.5966234,148999,0.030553340911865234
1661469115.7831209,149449,0.031016111373901367
1661469137.592124,149749,0.03502058982849121
1661469151.894623,149949,0.02944701910018921
1661469169.9686224,150199,0.0284193754196167
1661469177.2186213,150299,0.028974413871765137
1661469184.4321208,150399,0.031360507011413574
1661469191.7746236,150499,0.02358853816986084
1661469199.0531213,150599,0.0261879563331604
1661469209.878623,150749,0.027016103267669678
1661469213.4446216,150799,0.02793097496032715
1661469217.1456218,150849,0.025727033615112305
1661469227.8666215,150999,0.02253776788711548
1661469231.4071238,151049,0.023088932037353516
1661469235.0026221,151099,0.02826458215713501
1661469238.541123,151149,0.02348804473876953
1661469249.3591208,151299,0.02822798490524292
1661469252.9281232,151349,0.02306509017944336
1661469256.5466213,151399,0.02826482057571411
1661469267.2836218,151549,0.02732306718826294
1661469270.8291235,151599,0.028036117553710938
1661469278.0236232,151699,0.030560433864593506
1661469281.6106212,151749,0.032699763774871826
1661469296.1361217,151949,0.027563929557800293
1661469303.3071227,152049,0.024896204471588135
1661469306.8391237,152099,0.025353193283081055
1661469310.4911227,152149,0.02643108367919922
1661469324.8316233,152349,0.02983194589614868
1661469331.9606225,152449,0.022794008255004883
1661469339.1186233,152549,0.028399407863616943
1661469352.162682,152699,0.028058767318725586
1661469384.806181,153149,0.03064119815826416
1661469395.6531818,153299,0.030493438243865967
1661469402.8061814,153399,0.027973473072052002
1661469410.109182,153499,0.0297737717628479
1661469417.3121805,153599,0.026632606983184814
1661469424.6111803,153699,0.023729920387268066
1661469435.2951808,153849,0.03232234716415405
1661469456.8856804,154149,0.027342557907104492
1661469471.4541821,154349,0.03045785427093506
1661469478.800182,154449,0.028639376163482666
1661469489.7096798,154599,0.02557539939880371
1661469504.313182,154799,0.02674967050552368
1661469518.6107059,154999,0.023894548416137695
1661469532.9021802,155199,0.027635812759399414
1661469547.09968,155399,0.024108052253723145
1661469568.6231842,155699,0.024091720581054688
1661469579.343181,155849,0.025333106517791748
1661469593.6901793,156049,0.02275252342224121
1661469600.8681824,156149,0.027513563632965088
1661469615.411681,156349,0.02761554718017578
